Workbook

Sheet Mode d’emploi
A1: Carte des heures perdues
A2: Le temps que votre équipe passe à écrire, tâche par tâche, avant la journée IA.
A4: À quoi sert ce tableur
A5: Il montre où partent les heures d’écriture de chaque personne. Antoine Contino s’en sert pour préparer la journée : chacun arrive en sachant quelle tâche il allège en premier.
A7: Comment le remplir
A8: 1. Onglet Paramètres : notez le nom de l’entreprise et la date de la journée. Remplacez le coût de l’heure par votre chiffre si vous le connaissez.
A9: 2. Onglet Équipe : notez le prénom et le poste de chaque personne qui suit la journée.
A10: 3. Onglet Saisie : chaque personne décrit une semaine normale, une ligne par tâche d’écriture. Combien de fois par semaine, combien de minutes à chaque fois.
A11: 4. Envoyez avec le tableur deux documents types par tâche, anonymisés avec la fiche du kit feu vert DSI.
A12: 5. Antoine Contino lit les documents et remplit la colonne « Part que l’IA peut prendre ».
A13: 6. L’onglet Synthèse donne les heures à reprendre par personne et pour l’équipe, avec la tâche à traiter le jour J.
A15: Exemple de ligne
... A25: Calcul automatique

Sheet Paramètres
A1: Paramètres
A3: Entreprise
A4: Date de la journée
A5: Semaines travaillées par an | B5: 46 | C5: Hypothèse de la page de l’offre.
A6: Coût de l’heure par défaut (€) | B6: 34.97 | C6: Coût employeur d’un salaire de 3 000 € net par mois, modèle de calcul de l’URSSAF au 1er juillet 2026 (CDI non-cadre à temps plein). Remplacez par votre chiffre. Le coût de chaque personne se règle dans l’onglet Équipe.

Sheet Listes
A1: Types de tâches
A2: Devis
A3: Réponse à un client
A4: Relance
A5: Contrat ou avenant
A6: Compte rendu
A7: Fiche technique
A8: Offre commerciale
A9: Mail interne
A10: Rapport
A11: Procédure
A12: Autre

Sheet Équipe
A1: Équipe
A2: Une ligne par personne. Le coût de l’heure est facultatif : sans lui, le tableur prend la valeur des Paramètres.
A4: Prénom | B4: Poste | C4: Coût de l’heure (€), facultatif

Sheet Saisie
A1: Saisie
A2: Une ligne par tâche d’écriture, pour une semaine normale.
A4: Personne | B4: Type de tâche | C4: Description courte (sans nom) | D4: Fois par semaine | E4: Minutes à chaque fois | F4: Minutes par semaine | G4: Heures par an | H4: Part que l’IA peut prendre (Antoine Contino) | I4: Minutes à reprendre par semaine | J4: Heures à reprendre par an | K4: Valeur par an (€) | L4: Commentaire d’Antoine Contino | M4: Repère de tri
F5: =IF(OR(D5="",E5=""),"",D5*E5) | G5: =IF(F5="","",F5*'Paramètres'!$B$5/60) | I5: =IF(OR(F5="",H5=""),"",F5*H5) | J5: =IF(OR(G5="",H5=""),"",G5*H5) | K5: =IF(J5="","",J5*IF(IFERROR(VLOOKUP(A5,'Équipe'!$A$5:$C$14,3,FALSE),"")="",'Paramètres'!$B$6,VLOOKUP(A5,'Équipe'!$A$5:$C$14,3,FALSE))) | M5: =IF(I5="","",I5+ROW()/100000)
F6: =IF(OR(D6="",E6=""),"",D6*E6) | G6: =IF(F6="","",F6*'Paramètres'!$B$5/60) | I6: =IF(OR(F6="",H6=""),"",F6*H6) | J6: =IF(OR(G6="",H6=""),"",G6*H6) | K6: =IF(J6="","",J6*IF(IFERROR(VLOOKUP(A6,'Équipe'!$A$5:$C$14,3,FALSE),"")="",'Paramètres'!$B$6,VLOOKUP(A6,'Équipe'!$A$5:$C$14,3,FALSE))) | M6: =IF(I6="","",I6+ROW()/100000)
F7: =IF(OR(D7="",E7=""),"",D7*E7) | G7: =IF(F7="","",F7*'Paramètres'!$B$5/60) | I7: =IF(OR(F7="",H7=""),"",F7*H7) | J7: =IF(OR(G7="",H7=""),"",G7*H7) | K7: =IF(J7="","",J7*IF(IFERROR(VLOOKUP(A7,'Équipe'!$A$5:$C$14,3,FALSE),"")="",'Paramètres'!$B$6,VLOOKUP(A7,'Équipe'!$A$5:$C$14,3,FALSE))) | M7: =IF(I7="","",I7+ROW()/100000)
F8: =IF(OR(D8="",E8=""),"",D8*E8) | G8: =IF(F8="","",F8*'Paramètres'!$B$5/60) | I8: =IF(OR(F8="",H8=""),"",F8*H8) | J8: =IF(OR(G8="",H8=""),"",G8*H8) | K8: =IF(J8="","",J8*IF(IFERROR(VLOOKUP(A8,'Équipe'!$A$5:$C$14,3,FALSE),"")="",'Paramètres'!$B$6,VLOOKUP(A8,'Équipe'!$A$5:$C$14,3,FALSE))) | M8: =IF(I8="","",I8+ROW()/100000)
F9: =IF(OR(D9="",E9=""),"",D9*E9) | G9: =IF(F9="","",F9*'Paramètres'!$B$5/60) | I9: =IF(OR(F9="",H9=""),"",F9*H9) | J9: =IF(OR(G9="",H9=""),"",G9*H9) | K9: =IF(J9="","",J9*IF(IFERROR(VLOOKUP(A9,'Équipe'!$A$5:$C$14,3,FALSE),"")="",'Paramètres'!$B$6,VLOOKUP(A9,'Équipe'!$A$5:$C$14,3,FALSE))) | M9: =IF(I9="","",I9+ROW()/100000)
F10: =IF(OR(D10="",E10=""),"",D10*E10) | G10: =IF(F10="","",F10*'Paramètres'!$B$5/60) | I10: =IF(OR(F10="",H10=""),"",F10*H10) | J10: =IF(OR(G10="",H10=""),"",G10*H10) | K10: =IF(J10="","",J10*IF(IFERROR(VLOOKUP(A10,'Équipe'!$A$5:$C$14,3,FALSE),"")="",'Paramètres'!$B$6,VLOOKUP(A10,'Équipe'!$A$5:$C$14,3,FALSE))) | M10: =IF(I10="","",I10+ROW()/100000)
F11: =IF(OR(D11="",E11=""),"",D11*E11) | G11: =IF(F11="","",F11*'Paramètres'!$B$5/60) | I11: =IF(OR(F11="",H11=""),"",F11*H11) | J11: =IF(OR(G11="",H11=""),"",G11*H11) | K11: =IF(J11="","",J11*IF(IFERROR(VLOOKUP(A11,'Équipe'!$A$5:$C$14,3,FALSE),"")="",'Paramètres'!$B$6,VLOOKUP(A11,'Équipe'!$A$5:$C$14,3,FALSE))) | M11: =IF(I11="","",I11+ROW()/100000)
F12: =IF(OR(D12="",E12=""),"",D12*E12) | G12: =IF(F12="","",F12*'Paramètres'!$B$5/60) | I12: =IF(OR(F12="",H12=""),"",F12*H12) | J12: =IF(OR(G12="",H12=""),"",G12*H12) | K12: =IF(J12="","",J12*IF(IFERROR(VLOOKUP(A12,'Équipe'!$A$5:$C$14,3,FALSE),"")="",'Paramètres'!$B$6,VLOOKUP(A12,'Équipe'!$A$5:$C$14,3,FALSE))) | M12: =IF(I12="","",I12+ROW()/100000)
F13: =IF(OR(D13="",E13=""),"",D13*E13) | G13: =IF(F13="","",F13*'Paramètres'!$B$5/60) | I13: =IF(OR(F13="",H13=""),"",F13*H13) | J13: =IF(OR(G13="",H13=""),"",G13*H13) | K13: =IF(J13="","",J13*IF(IFERROR(VLOOKUP(A13,'Équipe'!$A$5:$C$14,3,FALSE),"")="",'Paramètres'!$B$6,VLOOKUP(A13,'Équipe'!$A$5:$C$14,3,FALSE))) | M13: =IF(I13="","",I13+ROW()/100000)
F14: =IF(OR(D14="",E14=""),"",D14*E14) | G14: =IF(F14="","",F14*'Paramètres'!$B$5/60) | I14: =IF(OR(F14="",H14=""),"",F14*H14) | J14: =IF(OR(G14="",H14=""),"",G14*H14) | K14: =IF(J14="","",J14*IF(IFERROR(VLOOKUP(A14,'Équipe'!$A$5:$C$14,3,FALSE),"")="",'Paramètres'!$B$6,VLOOKUP(A14,'Équipe'!$A$5:$C$14,3,FALSE))) | M14: =IF(I14="","",I14+ROW()/100000)
F15: =IF(OR(D15="",E15=""),"",D15*E15) | G15: =IF(F15="","",F15*'Paramètres'!$B$5/60) | I15: =IF(OR(F15="",H15=""),"",F15*H15) | J15: =IF(OR(G15="",H15=""),"",G15*H15) | K15: =IF(J15="","",J15*IF(IFERROR(VLOOKUP(A15,'Équipe'!$A$5:$C$14,3,FALSE),"")="",'Paramètres'!$B$6,VLOOKUP(A15,'Équipe'!$A$5:$C$14,3,FALSE))) | M15: =IF(I15="","",I15+ROW()/100000)
F16: =IF(OR(D16="",E16=""),"",D16*E16) | G16: =IF(F16="","",F16*'Paramètres'!$B$5/60) | I16: =IF(OR(F16="",H16=""),"",F16*H16) | J16: =IF(OR(G16="",H16=""),"",G16*H16) | K16: =IF(J16="","",J16*IF(IFERROR(VLOOKUP(A16,'Équipe'!$A$5:$C$14,3,FALSE),"")="",'Paramètres'!$B$6,VLOOKUP(A16,'Équipe'!$A$5:$C$14,3,FALSE))) | M16: =IF(I16="","",I16+ROW()/100000)
... F84: =IF(OR(D84="",E84=""),"",D84*E84) | G84: =IF(F84="","",F84*'Paramètres'!$B$5/60) | I84: =IF(OR(F84="",H84=""),"",F84*H84) | J84: =IF(OR(G84="",H84=""),"",G84*H84) | K84: =IF(J84="","",J84*IF(IFERROR(VLOOKUP(A84,'Équipe'!$A$5:$C$14,3,FALSE),"")="",'Paramètres'!$B$6,VLOOKUP(A84,'Équipe'!$A$5:$C$14,3,FALSE))) | M84: =IF(I84="","",I84+ROW()/100000)

Sheet Synthèse
A1: Synthèse
A2: Les heures d’écriture et les heures à reprendre, par personne et pour l’équipe.
A4: Personne | B4: Minutes d’écriture par semaine | C4: Heures d’écriture par an | D4: Minutes à reprendre par semaine | E4: Heures à reprendre par an | F4: Valeur par an (€) | G4: Tâche à traiter le jour J | H4: Objectif d’une heure par semaine
A5: =IF('Équipe'!A5="","",'Équipe'!A5) | B5: =IF(A5="","",SUMIFS(Saisie!$F$5:$F$84,Saisie!$A$5:$A$84,A5)) | C5: =IF(A5="","",SUMIFS(Saisie!$G$5:$G$84,Saisie!$A$5:$A$84,A5)) | D5: =IF(A5="","",SUMIFS(Saisie!$I$5:$I$84,Saisie!$A$5:$A$84,A5)) | E5: =IF(A5="","",SUMIFS(Saisie!$J$5:$J$84,Saisie!$A$5:$A$84,A5)) | F5: =IF(A5="","",SUMIFS(Saisie!$K$5:$K$84,Saisie!$A$5:$A$84,A5)) | G5: =IF(A5="","",IF(_xlfn.MAXIFS(Saisie!$M$5:$M$84,Saisie!$A$5:$A$84,A5)=0,"En attente de la lecture d’Antoine",INDEX(Saisie!$B$5:$B$84,MATCH(_xlfn.MAXIFS(Saisie!$M$5:$M$84,Saisie!$A$5:$A$84,A5),Saisie!$M$5:$M$84,0))&" : "&INDEX(Saisie!$C$5:$C$84,MATCH(_xlfn.MAXIFS(Saisie!$M$5:$M$84,Saisie!$A$5:$A$84,A5),Saisie!$M$5:$M$84,0)))) | H5: =IF(OR(A5="",D5=0),"",IF(D5>=60,"À portée","À creuser le jour J"))
A6: =IF('Équipe'!A6="","",'Équipe'!A6) | B6: =IF(A6="","",SUMIFS(Saisie!$F$5:$F$84,Saisie!$A$5:$A$84,A6)) | C6: =IF(A6="","",SUMIFS(Saisie!$G$5:$G$84,Saisie!$A$5:$A$84,A6)) | D6: =IF(A6="","",SUMIFS(Saisie!$I$5:$I$84,Saisie!$A$5:$A$84,A6)) | E6: =IF(A6="","",SUMIFS(Saisie!$J$5:$J$84,Saisie!$A$5:$A$84,A6)) | F6: =IF(A6="","",SUMIFS(Saisie!$K$5:$K$84,Saisie!$A$5:$A$84,A6)) | G6: =IF(A6="","",IF(_xlfn.MAXIFS(Saisie!$M$5:$M$84,Saisie!$A$5:$A$84,A6)=0,"En attente de la lecture d’Antoine",INDEX(Saisie!$B$5:$B$84,MATCH(_xlfn.MAXIFS(Saisie!$M$5:$M$84,Saisie!$A$5:$A$84,A6),Saisie!$M$5:$M$84,0))&" : "&INDEX(Saisie!$C$5:$C$84,MATCH(_xlfn.MAXIFS(Saisie!$M$5:$M$84,Saisie!$A$5:$A$84,A6),Saisie!$M$5:$M$84,0)))) | H6: =IF(OR(A6="",D6=0),"",IF(D6>=60,"À portée","À creuser le jour J"))
A7: =IF('Équipe'!A7="","",'Équipe'!A7) | B7: =IF(A7="","",SUMIFS(Saisie!$F$5:$F$84,Saisie!$A$5:$A$84,A7)) | C7: =IF(A7="","",SUMIFS(Saisie!$G$5:$G$84,Saisie!$A$5:$A$84,A7)) | D7: =IF(A7="","",SUMIFS(Saisie!$I$5:$I$84,Saisie!$A$5:$A$84,A7)) | E7: =IF(A7="","",SUMIFS(Saisie!$J$5:$J$84,Saisie!$A$5:$A$84,A7)) | F7: =IF(A7="","",SUMIFS(Saisie!$K$5:$K$84,Saisie!$A$5:$A$84,A7)) | G7: =IF(A7="","",IF(_xlfn.MAXIFS(Saisie!$M$5:$M$84,Saisie!$A$5:$A$84,A7)=0,"En attente de la lecture d’Antoine",INDEX(Saisie!$B$5:$B$84,MATCH(_xlfn.MAXIFS(Saisie!$M$5:$M$84,Saisie!$A$5:$A$84,A7),Saisie!$M$5:$M$84,0))&" : "&INDEX(Saisie!$C$5:$C$84,MATCH(_xlfn.MAXIFS(Saisie!$M$5:$M$84,Saisie!$A$5:$A$84,A7),Saisie!$M$5:$M$84,0)))) | H7: =IF(OR(A7="",D7=0),"",IF(D7>=60,"À portée","À creuser le jour J"))
A8: =IF('Équipe'!A8="","",'Équipe'!A8) | B8: =IF(A8="","",SUMIFS(Saisie!$F$5:$F$84,Saisie!$A$5:$A$84,A8)) | C8: =IF(A8="","",SUMIFS(Saisie!$G$5:$G$84,Saisie!$A$5:$A$84,A8)) | D8: =IF(A8="","",SUMIFS(Saisie!$I$5:$I$84,Saisie!$A$5:$A$84,A8)) | E8: =IF(A8="","",SUMIFS(Saisie!$J$5:$J$84,Saisie!$A$5:$A$84,A8)) | F8: =IF(A8="","",SUMIFS(Saisie!$K$5:$K$84,Saisie!$A$5:$A$84,A8)) | G8: =IF(A8="","",IF(_xlfn.MAXIFS(Saisie!$M$5:$M$84,Saisie!$A$5:$A$84,A8)=0,"En attente de la lecture d’Antoine",INDEX(Saisie!$B$5:$B$84,MATCH(_xlfn.MAXIFS(Saisie!$M$5:$M$84,Saisie!$A$5:$A$84,A8),Saisie!$M$5:$M$84,0))&" : "&INDEX(Saisie!$C$5:$C$84,MATCH(_xlfn.MAXIFS(Saisie!$M$5:$M$84,Saisie!$A$5:$A$84,A8),Saisie!$M$5:$M$84,0)))) | H8: =IF(OR(A8="",D8=0),"",IF(D8>=60,"À portée","À creuser le jour J"))
A9: =IF('Équipe'!A9="","",'Équipe'!A9) | B9: =IF(A9="","",SUMIFS(Saisie!$F$5:$F$84,Saisie!$A$5:$A$84,A9)) | C9: =IF(A9="","",SUMIFS(Saisie!$G$5:$G$84,Saisie!$A$5:$A$84,A9)) | D9: =IF(A9="","",SUMIFS(Saisie!$I$5:$I$84,Saisie!$A$5:$A$84,A9)) | E9: =IF(A9="","",SUMIFS(Saisie!$J$5:$J$84,Saisie!$A$5:$A$84,A9)) | F9: =IF(A9="","",SUMIFS(Saisie!$K$5:$K$84,Saisie!$A$5:$A$84,A9)) | G9: =IF(A9="","",IF(_xlfn.MAXIFS(Saisie!$M$5:$M$84,Saisie!$A$5:$A$84,A9)=0,"En attente de la lecture d’Antoine",INDEX(Saisie!$B$5:$B$84,MATCH(_xlfn.MAXIFS(Saisie!$M$5:$M$84,Saisie!$A$5:$A$84,A9),Saisie!$M$5:$M$84,0))&" : "&INDEX(Saisie!$C$5:$C$84,MATCH(_xlfn.MAXIFS(Saisie!$M$5:$M$84,Saisie!$A$5:$A$84,A9),Saisie!$M$5:$M$84,0)))) | H9: =IF(OR(A9="",D9=0),"",IF(D9>=60,"À portée","À creuser le jour J"))
A10: =IF('Équipe'!A10="","",'Équipe'!A10) | B10: =IF(A10="","",SUMIFS(Saisie!$F$5:$F$84,Saisie!$A$5:$A$84,A10)) | C10: =IF(A10="","",SUMIFS(Saisie!$G$5:$G$84,Saisie!$A$5:$A$84,A10)) | D10: =IF(A10="","",SUMIFS(Saisie!$I$5:$I$84,Saisie!$A$5:$A$84,A10)) | E10: =IF(A10="","",SUMIFS(Saisie!$J$5:$J$84,Saisie!$A$5:$A$84,A10)) | F10: =IF(A10="","",SUMIFS(Saisie!$K$5:$K$84,Saisie!$A$5:$A$84,A10)) | G10: =IF(A10="","",IF(_xlfn.MAXIFS(Saisie!$M$5:$M$84,Saisie!$A$5:$A$84,A10)=0,"En attente de la lecture d’Antoine",INDEX(Saisie!$B$5:$B$84,MATCH(_xlfn.MAXIFS(Saisie!$M$5:$M$84,Saisie!$A$5:$A$84,A10),Saisie!$M$5:$M$84,0))&" : "&INDEX(Saisie!$C$5:$C$84,MATCH(_xlfn.MAXIFS(Saisie!$M$5:$M$84,Saisie!$A$5:$A$84,A10),Saisie!$M$5:$M$84,0)))) | H10: =IF(OR(A10="",D10=0),"",IF(D10>=60,"À portée","À creuser le jour J"))
A11: =IF('Équipe'!A11="","",'Équipe'!A11) | B11: =IF(A11="","",SUMIFS(Saisie!$F$5:$F$84,Saisie!$A$5:$A$84,A11)) | C11: =IF(A11="","",SUMIFS(Saisie!$G$5:$G$84,Saisie!$A$5:$A$84,A11)) | D11: =IF(A11="","",SUMIFS(Saisie!$I$5:$I$84,Saisie!$A$5:$A$84,A11)) | E11: =IF(A11="","",SUMIFS(Saisie!$J$5:$J$84,Saisie!$A$5:$A$84,A11)) | F11: =IF(A11="","",SUMIFS(Saisie!$K$5:$K$84,Saisie!$A$5:$A$84,A11)) | G11: =IF(A11="","",IF(_xlfn.MAXIFS(Saisie!$M$5:$M$84,Saisie!$A$5:$A$84,A11)=0,"En attente de la lecture d’Antoine",INDEX(Saisie!$B$5:$B$84,MATCH(_xlfn.MAXIFS(Saisie!$M$5:$M$84,Saisie!$A$5:$A$84,A11),Saisie!$M$5:$M$84,0))&" : "&INDEX(Saisie!$C$5:$C$84,MATCH(_xlfn.MAXIFS(Saisie!$M$5:$M$84,Saisie!$A$5:$A$84,A11),Saisie!$M$5:$M$84,0)))) | H11: =IF(OR(A11="",D11=0),"",IF(D11>=60,"À portée","À creuser le jour J"))
A12: =IF('Équipe'!A12="","",'Équipe'!A12) | B12: =IF(A12="","",SUMIFS(Saisie!$F$5:$F$84,Saisie!$A$5:$A$84,A12)) | C12: =IF(A12="","",SUMIFS(Saisie!$G$5:$G$84,Saisie!$A$5:$A$84,A12)) | D12: =IF(A12="","",SUMIFS(Saisie!$I$5:$I$84,Saisie!$A$5:$A$84,A12)) | E12: =IF(A12="","",SUMIFS(Saisie!$J$5:$J$84,Saisie!$A$5:$A$84,A12)) | F12: =IF(A12="","",SUMIFS(Saisie!$K$5:$K$84,Saisie!$A$5:$A$84,A12)) | G12: =IF(A12="","",IF(_xlfn.MAXIFS(Saisie!$M$5:$M$84,Saisie!$A$5:$A$84,A12)=0,"En attente de la lecture d’Antoine",INDEX(Saisie!$B$5:$B$84,MATCH(_xlfn.MAXIFS(Saisie!$M$5:$M$84,Saisie!$A$5:$A$84,A12),Saisie!$M$5:$M$84,0))&" : "&INDEX(Saisie!$C$5:$C$84,MATCH(_xlfn.MAXIFS(Saisie!$M$5:$M$84,Saisie!$A$5:$A$84,A12),Saisie!$M$5:$M$84,0)))) | H12: =IF(OR(A12="",D12=0),"",IF(D12>=60,"À portée","À creuser le jour J"))
A13: =IF('Équipe'!A13="","",'Équipe'!A13) | B13: =IF(A13="","",SUMIFS(Saisie!$F$5:$F$84,Saisie!$A$5:$A$84,A13)) | C13: =IF(A13="","",SUMIFS(Saisie!$G$5:$G$84,Saisie!$A$5:$A$84,A13)) | D13: =IF(A13="","",SUMIFS(Saisie!$I$5:$I$84,Saisie!$A$5:$A$84,A13)) | E13: =IF(A13="","",SUMIFS(Saisie!$J$5:$J$84,Saisie!$A$5:$A$84,A13)) | F13: =IF(A13="","",SUMIFS(Saisie!$K$5:$K$84,Saisie!$A$5:$A$84,A13)) | G13: =IF(A13="","",IF(_xlfn.MAXIFS(Saisie!$M$5:$M$84,Saisie!$A$5:$A$84,A13)=0,"En attente de la lecture d’Antoine",INDEX(Saisie!$B$5:$B$84,MATCH(_xlfn.MAXIFS(Saisie!$M$5:$M$84,Saisie!$A$5:$A$84,A13),Saisie!$M$5:$M$84,0))&" : "&INDEX(Saisie!$C$5:$C$84,MATCH(_xlfn.MAXIFS(Saisie!$M$5:$M$84,Saisie!$A$5:$A$84,A13),Saisie!$M$5:$M$84,0)))) | H13: =IF(OR(A13="",D13=0),"",IF(D13>=60,"À portée","À creuser le jour J"))
A14: =IF('Équipe'!A14="","",'Équipe'!A14) | B14: =IF(A14="","",SUMIFS(Saisie!$F$5:$F$84,Saisie!$A$5:$A$84,A14)) | C14: =IF(A14="","",SUMIFS(Saisie!$G$5:$G$84,Saisie!$A$5:$A$84,A14)) | D14: =IF(A14="","",SUMIFS(Saisie!$I$5:$I$84,Saisie!$A$5:$A$84,A14)) | E14: =IF(A14="","",SUMIFS(Saisie!$J$5:$J$84,Saisie!$A$5:$A$84,A14)) | F14: =IF(A14="","",SUMIFS(Saisie!$K$5:$K$84,Saisie!$A$5:$A$84,A14)) | G14: =IF(A14="","",IF(_xlfn.MAXIFS(Saisie!$M$5:$M$84,Saisie!$A$5:$A$84,A14)=0,"En attente de la lecture d’Antoine",INDEX(Saisie!$B$5:$B$84,MATCH(_xlfn.MAXIFS(Saisie!$M$5:$M$84,Saisie!$A$5:$A$84,A14),Saisie!$M$5:$M$84,0))&" : "&INDEX(Saisie!$C$5:$C$84,MATCH(_xlfn.MAXIFS(Saisie!$M$5:$M$84,Saisie!$A$5:$A$84,A14),Saisie!$M$5:$M$84,0)))) | H14: =IF(OR(A14="",D14=0),"",IF(D14>=60,"À portée","À creuser le jour J"))
A15: Équipe | B15: =SUM(B5:B14) | C15: =SUM(C5:C14) | D15: =SUM(D5:D14) | E15: =SUM(E5:E14) | F15: =SUM(F5:F14)
A17: Lecture : « Minutes à reprendre par semaine » compare chaque personne à la garantie d’une heure par semaine. La valeur par an multiplie les heures à reprendre par le coût de l’heure.
